<?xml version="1.0" encoding="utf-8"?>
<resources>
    <declare-styleable name="ds">
        <attr name="colorPrimary" format="color" />
        <attr name="colorAccent" format="color" />
        <attr name="textColorPrimary" format="color" />
        <attr name="textColorSecondary" format="color" />
        <attr name="textLightPrimary" format="color" />
        <attr name="textLightSecondary" format="color" />
        <attr name="colorDivider" format="color" />
        <attr name="colorControlHighlight" format="color" />
        <attr name="settingFontPrimary" format="color" />
        <attr name="toolbarTheme" format="color" />
        <attr name="colorBackground" format="color" />
        <attr name="reminderAnimator" format="color" />
    </declare-styleable>
</resources>