<?xml version="1.0" encoding="utf-8"?>
<resources>

    <color name="colorPrimary">#ffffff</color>
    <color name="colorPrimaryDark">#ffffff</color>
    <color name="colorAccent">#00BCD4</color>

    <color name="darkPrimary">#303030</color>

    <color name="FlashBG">#2e3233</color>
    <color name="textDarkPrimary">#212121</color>
    <color name="textDarkSecondary">#5b5b5b</color>
    <color name="textLightPrimary">#e9e9e9</color>
    <color name="textLightSecondary">#949494</color>

    <color name="white">#fff</color>
    <color name="black">#000</color>

    <color name="colorDivider">#e7e7e7</color>

    <color name="colorControlHighlight">#bdbdbd</color>
    <color name="settingFontPrimary">#353535</color>

    <color name="trans">#00000000</color>

    <color name="Dark">#384046</color>
    <color name="Dark2">#353E44</color>

    <color name="ReminderAnimatorLight">#EEEEEE</color>
    <color name="ReminderAnimatorDark">#3e4a51</color>

    <color name="Teal300">#4db6ac</color>
    <color name="Teal400">#26a69a</color>
    <color name="Teal500">#009688</color>
    <color name="Teal600">#00897b</color>

    <color name="redPrimary">#f44336</color>
    <color name="redSecondary">#d32f2f</color>
    <color name="redAccent">#FF5252</color>

    <color name="pinkPrimary">#e91e63</color>
    <color name="pinkSecondary">#c2185b</color>
    <color name="pinkAccent">#FF4081</color>
    <color name="pink300">#f06292</color>

    <color name="purplePrimary">#9c27b0</color>
    <color name="purpleSecondary">#7b1fa2</color>
    <color name="purpleAccent">#ba68c8</color>

    <color name="deeppurplePrimary">#673ab7</color>
    <color name="deeppurpleSecondary">#512da8</color>
    <color name="deeppurpleAccent">#9575cd</color>

    <color name="indigoPrimary">#3f51b5</color>
    <color name="indigoSecondary">#303f9f</color>
    <color name="indigoAccent">#7986cb</color>

    <color name="bluePrimary">#2196f3</color>
    <color name="blueSecondary">#1976d2</color>
    <color name="blueAccent">#64b5f6</color>

    <color name="lightBluePrimary">#03a9f4</color>
    <color name="lightBlueSecondary">#0288d1</color>
    <color name="lightBlueAccent">#4fc3f7</color>

    <color name="cyanPrimary">#00bcd4</color>
    <color name="cyanSecondary">#0097a7</color>
    <color name="cyanAccent">#4dd0e1</color>

    <color name="tealPrimary">#009688</color>
    <color name="tealSecondary">#00796b</color>
    <color name="tealAccent">#4db6ac</color>

    <color name="greenPrimary">#4caf50</color>
    <color name="greenSecondary">#388e3c</color>
    <color name="greenAccent">#81c784</color>

    <color name="lightGreenPrimary">#8bc34a</color>
    <color name="lightGreenSecondary">#689f38</color>
    <color name="lightGreenAccent">#aed581</color>

    <color name="limePrimary">#cddc39</color>
    <color name="limeSecondary">#afb42b</color>
    <color name="limeAccent">#dce775</color>

    <color name="yellowPrimary">#ffeb3b</color>
    <color name="yellowSecondary">#fbc02d</color>
    <color name="yellowAccent">#fff176</color>

    <color name="amberPrimary">#ffc107</color>
    <color name="amberSecondary">#ffa000</color>
    <color name="amberAccent">#ffd54f</color>

    <color name="orangePrimary">#ff9800</color>
    <color name="orangeSecondary">#f57c00</color>
    <color name="orangeAccent">#ffb74d</color>

    <color name="deepOrangePrimary">#ff5722</color>
    <color name="deepOrangeSecondary">#e64a19</color>
    <color name="deepOrangeAccent">#ff8a65</color>

    <color name="brownPrimary">#795548</color>
    <color name="brownSecondary">#5d4037</color>
    <color name="brownAccent">#a1887f</color>

    <color name="blueGreyPrimary">#607d8b</color>
    <color name="blueGreySecondary">#455a64</color>
    <color name="blueGreyAccent">#90a4ae</color>

    <color name="grey200">#eeeeee</color>

    <color name="overlayStatusBar">#191C1F</color>

</resources>
