<resources>
    <string name="app_name">Medi Assistant</string>
    <string name="malogo">medi assistant logo</string>
    <string name="mediassistant">Medi Assistant</string>
    <string name="lorem">Contrary to popular belief, Lorem Ipsum is not simply random text. It has roots in a piece of classical Latin literature from 45 BC, making it over 2000 years old.</string>
    <string name="navigation_drawer_open">Open navigation drawer</string>
    <string name="navigation_drawer_close">Close navigation drawer</string>
    <string name="nav_header_title">Android Studio</string>
    <string name="nav_header_subtitle">android.studio@android.com</string>
    <string name="nav_header_desc">Navigation header</string>
    <string name="action_settings">Settings</string>
    <string name="general">General</string>
    <string name="notify">Notifications</string>
    <string name="notify_desc">Show notifications on statusbar</string>
    <string name="de_noti_sound">Default notification sounds</string>
    <string name="notify_sound">Twinkle</string>
    <string name="de_rem_soun">Default reminder sound</string>
    <string name="gentlebreeze">Gentle breeze</string>
    <string name="vibrate">Vibrate</string>
    <string name="setbreakfast">Set your breakfast time</string>
    <string name="lunchtime">Set your lunch time</string>
    <string name="defaultbraktime">08:30AM(Default)</string>
    <string name="defaultslunchtime">02:00PM(Default)</string>
    <string name="image">image</string>

    <string name="myschedule">My Schedule</string>
    <string name="day">31</string>
    <string name="date">October 2018</string>
    <string name="tablet">Tablet</string>
    <string name="drop">Drop</string>
    <string name="injection">Injection</string>
    <string name="morning">Morning</string>
    <string name="today">Today</string>
    <string name="upcoming">Upcoming</string>
    <string name="dashboard">Dashboard</string>
    <string name="schedule">Schedules</string>
    <string name="updates">Updates</string>
    <string name="guest">Guest</string>
    <string name="asguest">Logged in as Guest</string>
    <string name="about_developer">About Developer</string>
    <string name="feedback">Feedback</string>
    <string name="about_app">About App</string>
    <string name="medi1">Oxymopril</string>
    <string name="rem_time">Set reminder time</string>
    <string name="def_times">Breakfast: 08:30 AM Launch: 2:30PM Dinner: 10:30PM</string>
    <string name="appearence">Appearence</string>
    <string name="theme">Theme</string>
    <string name="light">Light</string>
    <string name="accent">Accent Color</string>
    <string name="cyan">Cyan</string>
    <string name="about">About</string>
    <string name="settings">Settings</string>
    <string name="vibrate_phone_while_alarm_buzzing">Vibrate phone while alarm buzzing</string>
    <string name="time">10:09</string>
    <string name="am">AM</string>
    <string name="good_morning">Good Morning</string>
    <string name="itsTime">It\'s time to take Medicine</string>
    <string name="skip">Skip</string>
    <string name="snooze">Snooze</string>
    <string name="silence_after">Silence after</string>
    <string name="_10_minutes">10 minutes</string>
    <string name="reminder">Reminder</string>
    <string name="snoozelen">Snooze length</string>
    <string name="min15">15 minutes</string>
    <string name="select_your_theme">Select your Theme</string>
    <string name="dark">Dark</string>
    <string name="CANCEL">CANCEL</string>
    <string name="basics">Basics</string>
    <string name="meditype">Medicine Type</string>
    <string name="gas_amp_gas_pains"><![CDATA[Gas & gas pains]]></string>
    <string name="beforafter">Before or After Meal</string>
    <string name="minbefmeal30">30 minutes before meal</string>
    <string name="hmtiad">How many times in a day</string>

    <!-- TODO: Remove or change this placeholder text -->
    <string name="hello_blank_fragment">Hello blank fragment</string>

    <string name="প্রজ্ঞাপন">প্রজ্ঞাপন</string>
    <string name="add_schedule">Add Schedule</string>
    <string name="colorButtonDesc">colorButtonDesc</string>
</resources>
